time,month,day,weather_pred
0,4,1,"пасм, 58%"
0,4,2,"пасм, 61% снег+д"
0,4,3,п/обл
0,4,4,"обл с пр, 42% снег"
0,4,5,"пасм, 68% "
0,4,6,"пасм, 21%"
0,4,7,"пасм, 54%"
0,4,8,пасмурно
0,4,9,"пасм, 67% дождь"
0,4,10,ясно 14%
0,4,11,ясно
0,4,12,"пасм, 61% дождь"
0,4,13,ясно
0,4,14,пасмурно
0,4,15,"пасм, ветер"
0,4,16,"пасм, 7% дождь"
0,4,17,ясно
0,4,18,обл с пр
0,4,19,"ясно, 18%"
0,4,20,"пасм, ветер"
0,4,21,ясно
0,4,22,ясно
0,4,23,ясно
0,4,24,"п/обл, 70%"
0,4,25,"пасм, 80% дождь, ветерок"
0,4,26,"обл с пр, 21%, ветер"
0,4,27,"ясно, ветерок"
0,4,28,ясно
0,4,29,обл с пр
0,4,30,"пасм, 71%, ветерок"
0,5,1,ясно
0,5,2,"пасм, 12%"
0,5,3,"пасм, 67% ливень, ветер"
0,5,4,ясно
0,5,5,ясно
0,5,6,ясно
0,5,7,обл с пр
0,5,8,ясно
0,5,9,ясно
0,5,10,"ясно, 24%"
0,5,11,"ясно, 33%"
0,5,12,ясно
0,5,13,п/обл
0,5,14,обл с пр
0,5,15,ясно
0,5,16,"пасм, 16% дождь"
0,5,17,п/обл
0,5,18,пасмурно
0,5,19,пасмурно
0,5,20,пасмурно
0,5,21,ясно
0,5,22,обл с пр
0,5,23,пасмурно
0,5,24,облачно
0,5,25,пер.обл.
0,5,26,ясно
0,5,27,ясно
0,5,28,обл с пр
0,5,29,ясно
0,5,30,ясно
0,5,31,ясно
0,6,1,ясно
0,6,2,малообл.
0,6,3,"ясно, сев.ветер"
0,6,4,облачно
0,6,5,пер.обл.
0,6,6,"ясно, сев.ветер"
0,6,7,
0,6,8,
0,6,9,
0,6,10,облачно
0,6,11,ясно
0,6,12,ясно
0,6,13,облачно
0,6,14,облачно
0,6,15,пасмурно
0,6,16,обл с пр
0,6,17,"пасм, 23% ливень"
0,6,18,пасм
0,6,19,п/обл
0,6,20,облачно
0,6,21,"ясно, ощ.+21"
0,6,22,"пасмурно, дождь"
0,6,23,пер.обл.
0,6,24,"дождь 2,5 мм?"
0,6,25,пер.обл.
0,6,26,малообл.
0,6,27,облачно
0,6,28,облачно
0,6,29,пер.обл.
0,6,30,ясно
0,7,1,"дождь 4,6 мм"
0,7,2,облачно
0,7,3,ясно
0,7,4,ясно
0,7,5,ясно
0,7,6,"пасм, 80% дождь"
0,7,7,ясно
0,7,8,п/обл
0,7,9,ясно
0,7,10,п/обл
0,7,11,"пасм, 75% дождь"
0,7,12,п/обл
0,7,13,ясно
0,7,14,п/обл
0,7,15,п/обл
0,7,16,облачно
0,7,17,ясно
0,7,18,"п/обл, 61%"
0,7,19,обл с пр
0,7,20,ясно
0,7,21,"ясно, 60%"
0,7,22,"пасм, 74% дождь"
0,7,23,ясно
0,7,24,"обл с пр, 54% дождь"
0,7,25,"пасм, 72%"
0,7,26,ясно
0,7,27,пасмурно
0,7,28,ясно
0,7,29,ясно
0,7,30,"пасм, 96% дождь"
0,7,31,"ясно, 47%"
1,4,1,"пасм, 58%"
1,4,2,"пасм, 61% снег+д"
1,4,3,п/обл
1,4,4,"обл с пр, 42% снег"
1,4,5,"пасм, 68% "
1,4,6,"пасм, 21%"
1,4,7,"пасм, 54%"
1,4,8,пасмурно
1,4,9,"пасм, 67% дождь"
1,4,10,ясно 14%
1,4,11,ясно
1,4,12,"пасм, 61% дождь"
1,4,13,ясно
1,4,14,пасмурно
1,4,15,"пасм, ветер"
1,4,16,"пасм, 7% дождь"
1,4,17,ясно
1,4,18,обл с пр
1,4,19,"ясно, 18%"
1,4,20,"пасм, ветер"
1,4,21,ясно
1,4,22,ясно
1,4,23,ясно
1,4,24,"п/обл, 70%"
1,4,25,"пасм, 80% дождь, ветерок"
1,4,26,"обл с пр, 21%, ветер"
1,4,27,"ясно, ветерок"
1,4,28,ясно
1,4,29,обл с пр
1,4,30,"пасм, 71%, ветерок"
1,5,1,ясно
1,5,2,"пасм, 12%"
1,5,3,"пасм, 67% ливень, ветер"
1,5,4,ясно
1,5,5,ясно
1,5,6,ясно
1,5,7,обл с пр
1,5,8,ясно
1,5,9,ясно
1,5,10,"ясно, 24%"
1,5,11,"ясно, 33%"
1,5,12,ясно
1,5,13,п/обл
1,5,14,обл с пр
1,5,15,ясно
1,5,16,"пасм, 16% дождь"
1,5,17,п/обл
1,5,18,пасмурно
1,5,19,пасмурно
1,5,20,пасмурно
1,5,21,ясно
1,5,22,обл с пр
1,5,23,пасмурно
1,5,24,облачно
1,5,25,пер.обл.
1,5,26,ясно
1,5,27,ясно
1,5,28,обл с пр
1,5,29,ясно
1,5,30,ясно
1,5,31,ясно
1,6,1,ясно
1,6,2,малообл.
1,6,3,"ясно, сев.ветер"
1,6,4,облачно
1,6,5,пер.обл.
1,6,6,"ясно, сев.ветер"
1,6,10,облачно
1,6,11,ясно
1,6,12,ясно
1,6,13,облачно
1,6,14,облачно
1,6,15,пасмурно
1,6,16,обл с пр
1,6,17,"пасм, 23% ливень"
1,6,18,пасм
1,6,19,п/обл
1,6,20,облачно
1,6,21,"ясно, ощ.+21"
1,6,22,"пасмурно, дождь"
1,6,23,пер.обл.
1,6,24,"дождь 2,5 мм?"
1,6,25,пер.обл.
1,6,26,малообл.
1,6,27,облачно
1,6,28,облачно
1,6,29,пер.обл.
1,6,30,ясно
1,7,1,"дождь 4,6 мм"
1,7,2,облачно
1,7,3,ясно
1,7,4,ясно
1,7,5,ясно
1,7,6,"пасм, 80% дождь"
1,7,7,ясно
1,7,8,п/обл
1,7,9,ясно
1,7,10,п/обл
1,7,11,"пасм, 75% дождь"
1,7,12,п/обл
1,7,13,ясно
1,7,14,п/обл
1,7,15,п/обл
1,7,16,облачно
1,7,17,ясно
1,7,18,"п/обл, 61%"
1,7,19,обл с пр
1,7,20,ясно
1,7,21,"ясно, 60%"
1,7,22,"пасм, 74% дождь"
1,7,23,ясно
1,7,24,"обл с пр, 54% дождь"
1,7,25,"пасм, 72%"
1,7,26,ясно
1,7,27,пасмурно
1,7,28,ясно
1,7,29,ясно
1,7,30,"пасм, 96% дождь"
1,7,31,"ясно, 47%"
2,4,1,"пасм, 58%"
2,4,2,"пасм, 61% снег+д"
2,4,3,п/обл
2,4,4,"обл с пр, 42% снег"
2,4,5,"пасм, 68% "
2,4,6,"пасм, 21%"
2,4,7,"пасм, 54%"
2,4,8,пасмурно
2,4,9,"пасм, 67% дождь"
2,4,10,ясно 14%
2,4,11,ясно
2,4,12,"пасм, 61% дождь"
2,4,13,ясно
2,4,14,пасмурно
2,4,15,"пасм, ветер"
2,4,16,"пасм, 7% дождь"
2,4,17,ясно
2,4,18,обл с пр
2,4,19,"ясно, 18%"
2,4,20,"пасм, ветер"
2,4,21,ясно
2,4,22,ясно
2,4,23,ясно
2,4,24,"п/обл, 70%"
2,4,25,"пасм, 80% дождь, ветерок"
2,4,26,"обл с пр, 21%, ветер"
2,4,27,"ясно, ветерок"
2,4,28,ясно
2,4,29,обл с пр
2,4,30,"пасм, 71%, ветерок"
2,5,1,ясно
2,5,2,"пасм, 12%"
2,5,3,"пасм, 67% ливень, ветер"
2,5,4,ясно
2,5,5,ясно
2,5,6,ясно
2,5,7,обл с пр
2,5,8,ясно
2,5,9,ясно
2,5,10,"ясно, 24%"
2,5,11,"ясно, 33%"
2,5,12,ясно
2,5,13,п/обл
2,5,14,обл с пр
2,5,15,ясно
2,5,16,"пасм, 16% дождь"
2,5,17,п/обл
2,5,18,пасмурно
2,5,19,пасмурно
2,5,20,пасмурно
2,5,21,ясно
2,5,22,обл с пр
2,5,23,пасмурно
2,5,24,облачно
2,5,25,пер.обл.
2,5,26,ясно
2,5,27,ясно
2,5,28,обл с пр
2,5,29,ясно
2,5,30,ясно
2,5,31,ясно
2,6,1,ясно
2,6,2,малообл.
2,6,3,"ясно, сев.ветер"
2,6,4,облачно
2,6,5,пер.обл.
2,6,6,"ясно, сев.ветер"
2,6,10,облачно
2,6,11,ясно
2,6,12,ясно
2,6,13,облачно
2,6,14,облачно
2,6,15,пасмурно
2,6,16,обл с пр
2,6,17,"пасм, 23% ливень"
2,6,18,пасм
2,6,19,п/обл
2,6,20,облачно
2,6,21,"ясно, ощ.+21"
2,6,22,"пасмурно, дождь"
2,6,23,пер.обл.
2,6,24,"дождь 2,5 мм?"
2,6,25,пер.обл.
2,6,26,малообл.
2,6,27,облачно
2,6,28,облачно
2,6,29,пер.обл.
2,6,30,ясно
2,7,1,"дождь 4,6 мм"
2,7,2,облачно
2,7,3,ясно
2,7,4,ясно
2,7,5,ясно
2,7,6,"пасм, 80% дождь"
2,7,7,ясно
2,7,8,п/обл
2,7,9,ясно
2,7,10,п/обл
2,7,11,"пасм, 75% дождь"
2,7,12,п/обл
2,7,13,ясно
2,7,14,п/обл
2,7,15,п/обл
2,7,16,облачно
2,7,17,ясно
2,7,18,"п/обл, 61%"
2,7,19,обл с пр
2,7,20,ясно
2,7,21,"ясно, 60%"
2,7,22,"пасм, 74% дождь"
2,7,23,ясно
2,7,24,"обл с пр, 54% дождь"
2,7,25,"пасм, 72%"
2,7,26,ясно
2,7,27,пасмурно
2,7,28,ясно
2,7,29,ясно
2,7,30,"пасм, 96% дождь"
2,7,31,"ясно, 47%"
3,4,1,"пасм, 71% дождь"
3,4,2,"пасм, 61% снег+д"
3,4,3,п/обл
3,4,4,"обл с пр, 58% снег"
3,4,5,"пасм, 56%"
3,4,6,"пасм, 23%"
3,4,7,"пасм, 58%"
3,4,8,"пасм, 72%"
3,4,9,"пасм, 12% дождь"
3,4,10,"п/обл, 14%"
3,4,11,ясно
3,4,12,"пасм, 51% дождь"
3,4,13,пасм
3,4,14,пасмурно
3,4,15,"пасм, ветер"
3,4,16,"пасм, 10% дождь"
3,4,17,обл с пр
3,4,18,обл с пр
3,4,19,"ясно, 10%"
3,4,20,"пасм, ветер"
3,4,21,ясно
3,4,22,ясно
3,4,23,ясно
3,4,24,"п/обл, 54%"
3,4,25,"пасм, 83% дождь, ветерок"
3,4,26,"ясно, ветер"
3,4,27,"ясно, ветерок"
3,4,28,ясно
3,4,29,обл с пр
3,4,30,"пасм, 23%, ветерок"
3,5,1,пасм
3,5,2,"пасм, 24%"
3,5,3,"пасм, 60% ливень, ветер"
3,5,4,ясно
3,5,5,ясно
3,5,6,ясно
3,5,7,обл с пр
3,5,8,ясно
3,5,9,ясно
3,5,10,"ясно, 19%"
3,5,11,"ясно, 40%"
3,5,12,ясно
3,5,13,ясно
3,5,14,обл с пр
3,5,15,ясно
3,5,16,"пасм, 68% дождь"
3,5,17,"пасм, 14%"
3,5,18,пасмурно
3,5,19,пасмурно
3,5,20,"пасм, 11% дождь"
3,5,21,ясно
3,5,22,обл с пр
3,5,23,пасмурно
3,5,24,облачно
3,5,25,облачно
3,5,26,ясно
3,5,27,ясно
3,5,28,ясно
3,5,29,ясно
3,5,30,пасмурно
3,5,31,ясно
3,6,1,ясно
3,6,2,ясно
3,6,3,"ясно, сев.ветер"
3,6,4,ясно
3,6,5,ясно
3,6,6,"ясно, сев.ветер"
3,6,7,
3,6,8,
3,6,9,
3,6,10,ясно
3,6,11,ясно
3,6,12,ясно
3,6,13,облачно
3,6,14,облачно
3,6,15,пасмурно
3,6,16,обл с пр
3,6,17,"пасм, 42% ливень"
3,6,18,пасм
3,6,19,обл с пр
3,6,20,облачно
3,6,21,"ясно, ощ.+20"
3,6,22,"пасмурно, дождь"
3,6,23,облачно
3,6,24,"дождь 2,7 мм?"
3,6,25,пер.обл.
3,6,26,малообл.
3,6,27,"сл.дождь, 0,8 мм"
3,6,28,облачно
3,6,29,пер.обл.
3,6,30,ясно
3,7,1,"пер.обл., дождь 0,3 мм"
3,7,2,пер.обл.
3,7,3,ясно
3,7,4,малообл.
3,7,5,ясно
3,7,6,"пасм, 65% дождь"
3,7,7,ясно
3,7,8,ясно
3,7,9,ясно
3,7,10,ясно
3,7,11,"пасм, 61% дождь"
3,7,12,п/обл
3,7,13,ясно
3,7,14,"ясно, 51%"
3,7,15,ясно
3,7,16,ясно
3,7,17,обл с пр
3,7,18,"ясно, 73%"
3,7,19,обл с пр
3,7,20,ясно
3,7,21,"ясно, 75%"
3,7,22,"пасм, 75% дождь"
3,7,23,"пасм, 24%"
3,7,24,"обл с пр, 51%"
3,7,25,"обл с пр, 72%"
3,7,26,ясно
3,7,27,пасмурно
3,7,28,обл с пр
3,7,29,ясно
3,7,30,"пасм, 82% дождь"
3,7,31,"п/обл, 72%"
4,4,1,"пасм, 71% дождь"
4,4,2,"пасм, 61% снег+д"
4,4,3,п/обл
4,4,4,"обл с пр, 58% снег"
4,4,5,"пасм, 56%"
4,4,6,"пасм, 23%"
4,4,7,"пасм, 58%"
4,4,8,"пасм, 72%"
4,4,9,"пасм, 12% дождь"
4,4,10,"п/обл, 14%"
4,4,11,ясно
4,4,12,"пасм, 51% дождь"
4,4,13,пасм
4,4,14,пасмурно
4,4,15,"пасм, ветер"
4,4,16,"пасм, 10% дождь"
4,4,17,обл с пр
4,4,18,обл с пр
4,4,19,"ясно, 10%"
4,4,20,"пасм, ветер"
4,4,21,ясно
4,4,22,ясно
4,4,23,ясно
4,4,24,"п/обл, 54%"
4,4,25,"пасм, 83% дождь, ветерок"
4,4,26,"ясно, ветер"
4,4,27,"ясно, ветерок"
4,4,28,ясно
4,4,29,обл с пр
4,4,30,"пасм, 23%, ветерок"
4,5,1,пасм
4,5,2,"пасм, 24%"
4,5,3,"пасм, 60% ливень, ветер"
4,5,4,ясно
4,5,5,ясно
4,5,6,ясно
4,5,7,обл с пр
4,5,8,ясно
4,5,9,ясно
4,5,10,"ясно, 19%"
4,5,11,"ясно, 40%"
4,5,12,ясно
4,5,13,ясно
4,5,14,обл с пр
4,5,15,ясно
4,5,16,"пасм, 68% дождь"
4,5,17,"пасм, 14%"
4,5,18,пасмурно
4,5,19,пасмурно
4,5,20,"пасм, 11% дождь"
4,5,21,ясно
4,5,22,обл с пр
4,5,23,пасмурно
4,5,24,облачно
4,5,25,облачно
4,5,26,ясно
4,5,27,ясно
4,5,28,ясно
4,5,29,ясно
4,5,30,пасмурно
4,5,31,ясно
4,6,1,ясно
4,6,2,ясно
4,6,3,"ясно, сев.ветер"
4,6,4,ясно
4,6,5,ясно
4,6,6,"ясно, сев.ветер"
4,6,10,ясно
4,6,11,ясно
4,6,12,ясно
4,6,13,облачно
4,6,14,облачно
4,6,15,пасмурно
4,6,16,обл с пр
4,6,17,"пасм, 42% ливень"
4,6,18,пасм
4,6,19,обл с пр
4,6,20,облачно
4,6,21,"ясно, ощ.+20"
4,6,22,"пасмурно, дождь"
4,6,23,облачно
4,6,24,"дождь 2,7 мм?"
4,6,25,пер.обл.
4,6,26,малообл.
4,6,27,"сл.дождь, 0,8 мм"
4,6,28,облачно
4,6,29,пер.обл.
4,6,30,ясно
4,7,1,"пер.обл., дождь 0,3 мм"
4,7,2,пер.обл.
4,7,3,ясно
4,7,4,малообл.
4,7,5,ясно
4,7,6,"пасм, 65% дождь"
4,7,7,ясно
4,7,8,ясно
4,7,9,ясно
4,7,10,ясно
4,7,11,"пасм, 61% дождь"
4,7,12,п/обл
4,7,13,ясно
4,7,14,"ясно, 51%"
4,7,15,ясно
4,7,16,ясно
4,7,17,обл с пр
4,7,18,"ясно, 73%"
4,7,19,обл с пр
4,7,20,ясно
4,7,21,"ясно, 75%"
4,7,22,"пасм, 75% дождь"
4,7,23,"пасм, 24%"
4,7,24,"обл с пр, 51%"
4,7,25,"обл с пр, 72%"
4,7,26,ясно
4,7,27,пасмурно
4,7,28,обл с пр
4,7,29,ясно
4,7,30,"пасм, 82% дождь"
4,7,31,"п/обл, 72%"
5,4,1,"пасм, 71% дождь"
5,4,2,"пасм, 61% снег+д"
5,4,3,п/обл
5,4,4,"обл с пр, 58% снег"
5,4,5,"пасм, 56%"
5,4,6,"пасм, 23%"
5,4,7,"пасм, 58%"
5,4,8,"пасм, 72%"
5,4,9,"пасм, 12% дождь"
5,4,10,"п/обл, 14%"
5,4,11,ясно
5,4,12,"пасм, 51% дождь"
5,4,13,пасм
5,4,14,пасмурно
5,4,15,"пасм, ветер"
5,4,16,"пасм, 10% дождь"
5,4,17,обл с пр
5,4,18,обл с пр
5,4,19,"ясно, 10%"
5,4,20,"пасм, ветер"
5,4,21,ясно
5,4,22,ясно
5,4,23,ясно
5,4,24,"п/обл, 54%"
5,4,25,"пасм, 83% дождь, ветерок"
5,4,26,"ясно, ветер"
5,4,27,"ясно, ветерок"
5,4,28,ясно
5,4,29,обл с пр
5,4,30,"пасм, 23%, ветерок"
5,5,1,пасм
5,5,2,"пасм, 24%"
5,5,3,"пасм, 60% ливень, ветер"
5,5,4,ясно
5,5,5,ясно
5,5,6,ясно
5,5,7,обл с пр
5,5,8,ясно
5,5,9,ясно
5,5,10,"ясно, 19%"
5,5,11,"ясно, 40%"
5,5,12,ясно
5,5,13,ясно
5,5,14,обл с пр
5,5,15,ясно
5,5,16,"пасм, 68% дождь"
5,5,17,"пасм, 14%"
5,5,18,пасмурно
5,5,19,пасмурно
5,5,20,"пасм, 11% дождь"
5,5,21,ясно
5,5,22,обл с пр
5,5,23,пасмурно
5,5,24,облачно
5,5,25,облачно
5,5,26,ясно
5,5,27,ясно
5,5,28,ясно
5,5,29,ясно
5,5,30,пасмурно
5,5,31,ясно
5,6,1,ясно
5,6,2,ясно
5,6,3,"ясно, сев.ветер"
5,6,4,ясно
5,6,5,ясно
5,6,6,"ясно, сев.ветер"
5,6,10,ясно
5,6,11,ясно
5,6,12,ясно
5,6,13,облачно
5,6,14,облачно
5,6,15,пасмурно
5,6,16,обл с пр
5,6,17,"пасм, 42% ливень"
5,6,18,пасм
5,6,19,обл с пр
5,6,20,облачно
5,6,21,"ясно, ощ.+20"
5,6,22,"пасмурно, дождь"
5,6,23,облачно
5,6,24,"дождь 2,7 мм?"
5,6,25,пер.обл.
5,6,26,малообл.
5,6,27,"сл.дождь, 0,8 мм"
5,6,28,облачно
5,6,29,пер.обл.
5,6,30,ясно
5,7,1,"пер.обл., дождь 0,3 мм"
5,7,2,пер.обл.
5,7,3,ясно
5,7,4,малообл.
5,7,5,ясно
5,7,6,"пасм, 65% дождь"
5,7,7,ясно
5,7,8,ясно
5,7,9,ясно
5,7,10,ясно
5,7,11,"пасм, 61% дождь"
5,7,12,п/обл
5,7,13,ясно
5,7,14,"ясно, 51%"
5,7,15,ясно
5,7,16,ясно
5,7,17,обл с пр
5,7,18,"ясно, 73%"
5,7,19,обл с пр
5,7,20,ясно
5,7,21,"ясно, 75%"
5,7,22,"пасм, 75% дождь"
5,7,23,"пасм, 24%"
5,7,24,"обл с пр, 51%"
5,7,25,"обл с пр, 72%"
5,7,26,ясно
5,7,27,пасмурно
5,7,28,обл с пр
5,7,29,ясно
5,7,30,"пасм, 82% дождь"
5,7,31,"п/обл, 72%"
6,4,1,"пасм, 71% дождь"
6,4,2,"пасм, 12% снег+д, ветер"
6,4,3,п/обл
6,4,4,"пасм, 11% снег"
6,4,5,"пасм, 42%"
6,4,6,пасмурно
6,4,7,"пасм, 13%"
6,4,8,пасмурно
6,4,9,"пасм, 11%"
6,4,10,"п/обл, 14%"
6,4,11,п/обл
6,4,12,"пасм, 24% дождь"
6,4,13,пасм
6,4,14,пасмурно
6,4,15,"пасм, ветер"
6,4,16,"пасм, 14% дождь"
6,4,17,п/обл
6,4,18,"ясно, неб.ветерок"
6,4,19,"обл с пр, 71%"
6,4,20,"п/обл, ветер"
6,4,21,ясно
6,4,22,ясно
6,4,23,ясно
6,4,24,"обл с пр, 11%"
6,4,25,"пасм, 85% дождь, ветерок"
6,4,26,"пасмурно, ветер"
6,4,27,"пасм, 19% дождь, ветер"
6,4,28,"ясно, 11% дождь"
6,4,29,"обл, неб.ветер"
6,4,30,"ясно, ветерок"
6,5,1,"обл с пр, ветерок"
6,5,2,пасм
6,5,3,"пасм, 70% ливень, ветер"
6,5,4,ясно
6,5,5,"ясно, ветерок"
6,5,6,ясно
6,5,7,обл с пр
6,5,8,ясно
6,5,9,ясно
6,5,10,ясно
6,5,11,"ясно, ветер"
6,5,12,ясно
6,5,13,п/обл
6,5,14,п/обл
6,5,15,пасм
6,5,16,"пасм, 73%"
6,5,17,"пасм, 23%"
6,5,18,пасмурно
6,5,19,пасмурно
6,5,20,пасмурно
6,5,21,ясно
6,5,22,ясно
6,5,23,обл с пр
6,5,24,облачно
6,5,25,облачно
6,5,26,"ясно, ветер"
6,5,27,обл с пр
6,5,28,п/обл
6,5,29,ясно
6,5,30,п/обл
6,5,31,ясно
6,6,1,ясно
6,6,2,малообл.
6,6,3,"ясно, сев-зап.ветер"
6,6,4,пер.обл.
6,6,5,ясно
6,6,6,"ясно, сев-зап.ветер"
6,6,7,
6,6,8,
6,6,9,
6,6,10,ясно
6,6,11,ясно
6,6,12,ясно
6,6,13,облачно
6,6,14,облачно
6,6,15,пасмурно
6,6,16,пасм
6,6,17,"пасм, 54%  ливень"
6,6,18,пасм
6,6,19,обл с пр
6,6,20,облачно
6,6,21,"пер.обл., ощ.+23"
6,6,22,облачно
6,6,23,облачно
6,6,24,"дождь 5,9 мм?"
6,6,25,пер.обл.
6,6,26,малообл.
6,6,27,"дождь 11,2 мм"
6,6,28,"облачно, дождь 0,2мм"
6,6,29,пер.обл.
6,6,30,ясно
6,7,1,малообл.
6,7,2,облачно
6,7,3,ясно
6,7,4,пер.обл.
6,7,5,п/обл
6,7,6,"пасм, 10% дождь"
6,7,7,ясно
6,7,8,ясно
6,7,9,ясно
6,7,10,ясно
6,7,11,"пасм, 58% дождь"
6,7,12,ясно
6,7,13,п/обл
6,7,14,п/обл
6,7,15,обл с пр
6,7,16,обл с пр
6,7,17,ясно
6,7,18,"ясно, 54%"
6,7,19,обл с пр
6,7,20,пасмурно
6,7,21,"обл с пр, 60% дождь"
6,7,22,"пасм, 73% дождь"
6,7,23,"пасм, 47% дождь"
6,7,24,"пасм, 42%"
6,7,25,"ясно, 79%"
6,7,26,обл с пр
6,7,27,обл с пр
6,7,28,"пасм, 75%"
6,7,29,п/обл
6,7,30,"пасм, 78% дождь"
6,7,31,"ясно, 67%"
7,4,1,"пасм, 71% дождь"
7,4,2,"пасм, 12% снег+д, ветер"
7,4,3,п/обл
7,4,4,"пасм, 11% снег"
7,4,5,"пасм, 42%"
7,4,6,пасмурно
7,4,7,"пасм, 13%"
7,4,8,пасмурно
7,4,9,"пасм, 11%"
7,4,10,"п/обл, 14%"
7,4,11,п/обл
7,4,12,"пасм, 24% дождь"
7,4,13,пасм
7,4,14,пасмурно
7,4,15,"пасм, ветер"
7,4,16,"пасм, 14% дождь"
7,4,17,п/обл
7,4,18,"ясно, неб.ветерок"
7,4,19,"обл с пр, 71%"
7,4,20,"п/обл, ветер"
7,4,21,ясно
7,4,22,ясно
7,4,23,ясно
7,4,24,"обл с пр, 11%"
7,4,25,"пасм, 85% дождь, ветерок"
7,4,26,"пасмурно, ветер"
7,4,27,"пасм, 19% дождь, ветер"
7,4,28,"ясно, 11% дождь"
7,4,29,"обл, неб.ветер"
7,4,30,"ясно, ветерок"
7,5,1,"обл с пр, ветерок"
7,5,2,пасм
7,5,3,"пасм, 70% ливень, ветер"
7,5,4,ясно
7,5,5,"ясно, ветерок"
7,5,6,ясно
7,5,7,обл с пр
7,5,8,ясно
7,5,9,ясно
7,5,10,ясно
7,5,11,"ясно, ветер"
7,5,12,ясно
7,5,13,п/обл
7,5,14,п/обл
7,5,15,пасм
7,5,16,"пасм, 73%"
7,5,17,"пасм, 23%"
7,5,18,пасмурно
7,5,19,пасмурно
7,5,20,пасмурно
7,5,21,ясно
7,5,22,ясно
7,5,23,обл с пр
7,5,24,облачно
7,5,25,облачно
7,5,26,"ясно, ветер"
7,5,27,обл с пр
7,5,28,п/обл
7,5,29,ясно
7,5,30,п/обл
7,5,31,ясно
7,6,1,ясно
7,6,2,малообл.
7,6,3,"ясно, сев-зап.ветер"
7,6,4,пер.обл.
7,6,5,ясно
7,6,6,"ясно, сев-зап.ветер"
7,6,10,ясно
7,6,11,ясно
7,6,12,ясно
7,6,13,облачно
7,6,14,облачно
7,6,15,пасмурно
7,6,16,пасм
7,6,17,"пасм, 54%  ливень"
7,6,18,пасм
7,6,19,обл с пр
7,6,20,облачно
7,6,21,"пер.обл., ощ.+23"
7,6,22,облачно
7,6,23,облачно
7,6,24,"дождь 5,9 мм?"
7,6,25,пер.обл.
7,6,26,малообл.
7,6,27,"дождь 11,2 мм"
7,6,28,"облачно, дождь 0,2мм"
7,6,29,пер.обл.
7,6,30,ясно
7,7,1,малообл.
7,7,2,облачно
7,7,3,ясно
7,7,4,пер.обл.
7,7,5,п/обл
7,7,6,"пасм, 10% дождь"
7,7,7,ясно
7,7,8,ясно
7,7,9,ясно
7,7,10,ясно
7,7,11,"пасм, 58% дождь"
7,7,12,ясно
7,7,13,п/обл
7,7,14,п/обл
7,7,15,обл с пр
7,7,16,обл с пр
7,7,17,ясно
7,7,18,"ясно, 54%"
7,7,19,обл с пр
7,7,20,пасмурно
7,7,21,"обл с пр, 60% дождь"
7,7,22,"пасм, 73% дождь"
7,7,23,"пасм, 47% дождь"
7,7,24,"пасм, 42%"
7,7,25,"ясно, 79%"
7,7,26,обл с пр
7,7,27,обл с пр
7,7,28,"пасм, 75%"
7,7,29,п/обл
7,7,30,"пасм, 78% дождь"
7,7,31,"ясно, 67%"
8,4,1,"пасм, 71% дождь"
8,4,2,"пасм, 12% снег+д, ветер"
8,4,3,п/обл
8,4,4,"пасм, 11% снег"
8,4,5,"пасм, 42%"
8,4,6,пасмурно
8,4,7,"пасм, 13%"
8,4,8,пасмурно
8,4,9,"пасм, 11%"
8,4,10,"п/обл, 14%"
8,4,11,п/обл
8,4,12,"пасм, 24% дождь"
8,4,13,пасм
8,4,14,пасмурно
8,4,15,"пасм, ветер"
8,4,16,"пасм, 14% дождь"
8,4,17,п/обл
8,4,18,"ясно, неб.ветерок"
8,4,19,"обл с пр, 71%"
8,4,20,"п/обл, ветер"
8,4,21,ясно
8,4,22,ясно
8,4,23,ясно
8,4,24,"обл с пр, 11%"
8,4,25,"пасм, 85% дождь, ветерок"
8,4,26,"пасмурно, ветер"
8,4,27,"пасм, 19% дождь, ветер"
8,4,28,"ясно, 11% дождь"
8,4,29,"обл, неб.ветер"
8,4,30,"ясно, ветерок"
8,5,1,"обл с пр, ветерок"
8,5,2,пасм
8,5,3,"пасм, 70% ливень, ветер"
8,5,4,ясно
8,5,5,"ясно, ветерок"
8,5,6,ясно
8,5,7,обл с пр
8,5,8,ясно
8,5,9,ясно
8,5,10,ясно
8,5,11,"ясно, ветер"
8,5,12,ясно
8,5,13,п/обл
8,5,14,п/обл
8,5,15,пасм
8,5,16,"пасм, 73%"
8,5,17,"пасм, 23%"
8,5,18,пасмурно
8,5,19,пасмурно
8,5,20,пасмурно
8,5,21,ясно
8,5,22,ясно
8,5,23,обл с пр
8,5,24,облачно
8,5,25,облачно
8,5,26,"ясно, ветер"
8,5,27,обл с пр
8,5,28,п/обл
8,5,29,ясно
8,5,30,п/обл
8,5,31,ясно
8,6,1,ясно
8,6,2,малообл.
8,6,3,"ясно, сев-зап.ветер"
8,6,4,пер.обл.
8,6,5,ясно
8,6,6,"ясно, сев-зап.ветер"
8,6,10,ясно
8,6,11,ясно
8,6,12,ясно
8,6,13,облачно
8,6,14,облачно
8,6,15,пасмурно
8,6,16,пасм
8,6,17,"пасм, 54%  ливень"
8,6,18,пасм
8,6,19,обл с пр
8,6,20,облачно
8,6,21,"пер.обл., ощ.+23"
8,6,22,облачно
8,6,23,облачно
8,6,24,"дождь 5,9 мм?"
8,6,25,пер.обл.
8,6,26,малообл.
8,6,27,"дождь 11,2 мм"
8,6,28,"облачно, дождь 0,2мм"
8,6,29,пер.обл.
8,6,30,ясно
8,7,1,малообл.
8,7,2,облачно
8,7,3,ясно
8,7,4,пер.обл.
8,7,5,п/обл
8,7,6,"пасм, 10% дождь"
8,7,7,ясно
8,7,8,ясно
8,7,9,ясно
8,7,10,ясно
8,7,11,"пасм, 58% дождь"
8,7,12,ясно
8,7,13,п/обл
8,7,14,п/обл
8,7,15,обл с пр
8,7,16,обл с пр
8,7,17,ясно
8,7,18,"ясно, 54%"
8,7,19,обл с пр
8,7,20,пасмурно
8,7,21,"обл с пр, 60% дождь"
8,7,22,"пасм, 73% дождь"
8,7,23,"пасм, 47% дождь"
8,7,24,"пасм, 42%"
8,7,25,"ясно, 79%"
8,7,26,обл с пр
8,7,27,обл с пр
8,7,28,"пасм, 75%"
8,7,29,п/обл
8,7,30,"пасм, 78% дождь"
8,7,31,"ясно, 67%"
9,4,1,"пасм, 46% дождь"
9,4,2,"пасм, 12% снег+д, ветер"
9,4,3,"п/обл, ветер"
9,4,4,"пасм, 12% снег, ветер"
9,4,5,"пасм, 11% дождь+снег"
9,4,6,"пасм, 47%"
9,4,7,"пасм, 23%"
9,4,8,пасмурно
9,4,9,"пасм, 14%"
9,4,10,ясно
9,4,11,обл с пр
9,4,12,"обл, 21%"
9,4,13,"пасм, неб.ветерок"
9,4,14,пасмурно
9,4,15,"пасм, ветер"
9,4,16,"пасм, неб.ветер"
9,4,17,"ясно, неб.ветерок"
9,4,18,"ясно, неб.ветерок"
9,4,19,"пасм, 12% дождь"
9,4,20,"п/обл, ветер"
9,4,21,"ясно, неб.ветерок"
9,4,22,ясно
9,4,23,"ясно, ветерок"
9,4,24,"обл с пр, 11%"
9,4,25,"пасм, 73% дождь, ветерок"
9,4,26,"обл с пр, ветер"
9,4,27,"пасм, 35% дождь, ветер"
9,4,28,"обл с пр, ветерок"
9,4,29,"обл, неб.ветер"
9,4,30,"ясно, ветерок"
9,5,1,"ясно, ветерок"
9,5,2,пасм
9,5,3,"п/обл, 51%, ветер"
9,5,4,ясно
9,5,5,"ясно, ветерок"
9,5,6,"ясно, неб.ветерок"
9,5,7,"обл с пр, ветерок"
9,5,8,"п/обл, ветерок"
9,5,9,"п/обл, ветерок"
9,5,10,"ясно, ветер"
9,5,11,"ясно, ветер"
9,5,12,"ясно, ветерок"
9,5,13,ясно
9,5,14,ясно
9,5,15,пасм
9,5,16,"пасм, 54% дождь"
9,5,17,"пасм, 24%"
9,5,18,пасмурно
9,5,19,пасмурно
9,5,20,обл с пр
9,5,21,"ясно, ветерок"
9,5,22,п/обл
9,5,23,пасмурно
9,5,24,п/обл
9,5,25,облачно
9,5,26,"п/обл, ветер"
9,5,27,ясно
9,5,28,ясно
9,5,29,пасм
9,5,30,"п/обл, ветер"
9,5,31,ясно
9,6,1,пер.обл.
9,6,2,малообл.
9,6,3,"ясно, сев-зап.ветер"
9,6,4,ясно
9,6,5,"пер.обл., сев.ветер"
9,6,6,"ясно, юго-зап.ветер"
9,6,7,
9,6,8,
9,6,9,
9,6,10,"ясно, ветер"
9,6,11,"ясно, ветер"
9,6,12,"ясно, ветер"
9,6,13,облачно
9,6,14,облачно
9,6,15,"пасм, 37% дождь"
9,6,16,обл с пр
9,6,17,"пасм, 51% ливень"
9,6,18,"пасм, 21% дождь"
9,6,19,"пасм, гроза 19%"
9,6,20,облачно
9,6,21,ясно
9,6,22,облачно
9,6,23,облачно
9,6,24,"дождь 0,9 мм?"
9,6,25,пер.обл.
9,6,26,малообл.
9,6,27,"сл.дождь, 1,8 мм"
9,6,28,"облачно, дождь 0,6мм"
9,6,29,"пер.обл., сл.дождь 0,4мм?"
9,6,30,пер.обл.
9,7,1,ясно
9,7,2,"обл., дождь 2,7 мм"
9,7,3,ясно
9,7,4,ясно
9,7,5,пасмурно
9,7,6,ясно
9,7,7,ясно
9,7,8,ясно
9,7,9,ясно
9,7,10,ясно
9,7,11,п/обл
9,7,12,"обл, 54%"
9,7,13,ясно
9,7,14,"ясно, 44%"
9,7,15,обл с пр
9,7,16,"ясно, 61%"
9,7,17,"пасм, 58%"
9,7,18,ясно
9,7,19,"пасм, 24% дождь"
9,7,20,"пасм, 71% дождь"
9,7,21,"п/обл, 21% дождь"
9,7,22,"пасм, 74% дождь"
9,7,23,"пасм, 72% дождь"
9,7,24,"пасм, 47%"
9,7,25,"обл с пр, 77%"
9,7,26,облачно
9,7,27,ясно
9,7,28,"пасм, 76% дождь"
9,7,29,ясно
9,7,30,"пасм, 80% дождь"
9,7,31,"пасм, 71% дождь"
10,4,1,"пасм, 46% дождь"
10,4,2,"пасм, 12% снег+д, ветер"
10,4,3,"п/обл, ветер"
10,4,4,"пасм, 12% снег, ветер"
10,4,5,"пасм, 11% дождь+снег"
10,4,6,"пасм, 47%"
10,4,7,"пасм, 23%"
10,4,8,пасмурно
10,4,9,"пасм, 14%"
10,4,10,ясно
10,4,11,обл с пр
10,4,12,"обл, 21%"
10,4,13,"пасм, неб.ветерок"
10,4,14,пасмурно
10,4,15,"пасм, ветер"
10,4,16,"пасм, неб.ветер"
10,4,17,"ясно, неб.ветерок"
10,4,18,"ясно, неб.ветерок"
10,4,19,"пасм, 12% дождь"
10,4,20,"п/обл, ветер"
10,4,21,"ясно, неб.ветерок"
10,4,22,ясно
10,4,23,"ясно, ветерок"
10,4,24,"обл с пр, 11%"
10,4,25,"пасм, 73% дождь, ветерок"
10,4,26,"обл с пр, ветер"
10,4,27,"пасм, 35% дождь, ветер"
10,4,28,"обл с пр, ветерок"
10,4,29,"обл, неб.ветер"
10,4,30,"ясно, ветерок"
10,5,1,"ясно, ветерок"
10,5,2,пасм
10,5,3,"п/обл, 51%, ветер"
10,5,4,ясно
10,5,5,"ясно, ветерок"
10,5,6,"ясно, неб.ветерок"
10,5,7,"обл с пр, ветерок"
10,5,8,"п/обл, ветерок"
10,5,9,"п/обл, ветерок"
10,5,10,"ясно, ветер"
10,5,11,"ясно, ветер"
10,5,12,"ясно, ветерок"
10,5,13,ясно
10,5,14,ясно
10,5,15,пасм
10,5,16,"пасм, 54% дождь"
10,5,17,"пасм, 24%"
10,5,18,пасмурно
10,5,19,пасмурно
10,5,20,обл с пр
10,5,21,"ясно, ветерок"
10,5,22,п/обл
10,5,23,пасмурно
10,5,24,п/обл
10,5,25,облачно
10,5,26,"п/обл, ветер"
10,5,27,ясно
10,5,28,ясно
10,5,29,пасм
10,5,30,"п/обл, ветер"
10,5,31,ясно
10,6,1,пер.обл.
10,6,2,малообл.
10,6,3,"ясно, сев-зап.ветер"
10,6,4,ясно
10,6,5,"пер.обл., сев.ветер"
10,6,6,"ясно, юго-зап.ветер"
10,6,10,"ясно, ветер"
10,6,11,"ясно, ветер"
10,6,12,"ясно, ветер"
10,6,13,облачно
10,6,14,облачно
10,6,15,"пасм, 37% дождь"
10,6,16,обл с пр
10,6,17,"пасм, 51% ливень"
10,6,18,"пасм, 21% дождь"
10,6,19,"пасм, гроза 19%"
10,6,20,облачно
10,6,21,ясно
10,6,22,облачно
10,6,23,облачно
10,6,24,"дождь 0,9 мм?"
10,6,25,пер.обл.
10,6,26,малообл.
10,6,27,"сл.дождь, 1,8 мм"
10,6,28,"облачно, дождь 0,6мм"
10,6,29,"пер.обл., сл.дождь 0,4мм?"
10,6,30,пер.обл.
10,7,1,ясно
10,7,2,"обл., дождь 2,7 мм"
10,7,3,ясно
10,7,4,ясно
10,7,5,пасмурно
10,7,6,ясно
10,7,7,ясно
10,7,8,ясно
10,7,9,ясно
10,7,10,ясно
10,7,11,п/обл
10,7,12,"обл, 54%"
10,7,13,ясно
10,7,14,"ясно, 44%"
10,7,15,обл с пр
10,7,16,"ясно, 61%"
10,7,17,"пасм, 58%"
10,7,18,ясно
10,7,19,"пасм, 24% дождь"
10,7,20,"пасм, 71% дождь"
10,7,21,"п/обл, 21% дождь"
10,7,22,"пасм, 74% дождь"
10,7,23,"пасм, 72% дождь"
10,7,24,"пасм, 47%"
10,7,25,"обл с пр, 77%"
10,7,26,облачно
10,7,27,ясно
10,7,28,"пасм, 76% дождь"
10,7,29,ясно
10,7,30,"пасм, 80% дождь"
10,7,31,"пасм, 71% дождь"
11,4,1,"пасм, 46% дождь"
11,4,2,"пасм, 12% снег+д, ветер"
11,4,3,"п/обл, ветер"
11,4,4,"пасм, 12% снег, ветер"
11,4,5,"пасм, 11% дождь+снег"
11,4,6,"пасм, 47%"
11,4,7,"пасм, 23%"
11,4,8,пасмурно
11,4,9,"пасм, 14%"
11,4,10,ясно
11,4,11,обл с пр
11,4,12,"обл, 21%"
11,4,13,"пасм, неб.ветерок"
11,4,14,пасмурно
11,4,15,"пасм, ветер"
11,4,16,"пасм, неб.ветер"
11,4,17,"ясно, неб.ветерок"
11,4,18,"ясно, неб.ветерок"
11,4,19,"пасм, 12% дождь"
11,4,20,"п/обл, ветер"
11,4,21,"ясно, неб.ветерок"
11,4,22,ясно
11,4,23,"ясно, ветерок"
11,4,24,"обл с пр, 11%"
11,4,25,"пасм, 73% дождь, ветерок"
11,4,26,"обл с пр, ветер"
11,4,27,"пасм, 35% дождь, ветер"
11,4,28,"обл с пр, ветерок"
11,4,29,"обл, неб.ветер"
11,4,30,"ясно, ветерок"
11,5,1,"ясно, ветерок"
11,5,2,пасм
11,5,3,"п/обл, 51%, ветер"
11,5,4,ясно
11,5,5,"ясно, ветерок"
11,5,6,"ясно, неб.ветерок"
11,5,7,"обл с пр, ветерок"
11,5,8,"п/обл, ветерок"
11,5,9,"п/обл, ветерок"
11,5,10,"ясно, ветер"
11,5,11,"ясно, ветер"
11,5,12,"ясно, ветерок"
11,5,13,ясно
11,5,14,ясно
11,5,15,пасм
11,5,16,"пасм, 54% дождь"
11,5,17,"пасм, 24%"
11,5,18,пасмурно
11,5,19,пасмурно
11,5,20,обл с пр
11,5,21,"ясно, ветерок"
11,5,22,п/обл
11,5,23,пасмурно
11,5,24,п/обл
11,5,25,облачно
11,5,26,"п/обл, ветер"
11,5,27,ясно
11,5,28,ясно
11,5,29,пасм
11,5,30,"п/обл, ветер"
11,5,31,ясно
11,6,1,пер.обл.
11,6,2,малообл.
11,6,3,"ясно, сев-зап.ветер"
11,6,4,ясно
11,6,5,"пер.обл., сев.ветер"
11,6,6,"ясно, юго-зап.ветер"
11,6,10,"ясно, ветер"
11,6,11,"ясно, ветер"
11,6,12,"ясно, ветер"
11,6,13,облачно
11,6,14,облачно
11,6,15,"пасм, 37% дождь"
11,6,16,обл с пр
11,6,17,"пасм, 51% ливень"
11,6,18,"пасм, 21% дождь"
11,6,19,"пасм, гроза 19%"
11,6,20,облачно
11,6,21,ясно
11,6,22,облачно
11,6,23,облачно
11,6,24,"дождь 0,9 мм?"
11,6,25,пер.обл.
11,6,26,малообл.
11,6,27,"сл.дождь, 1,8 мм"
11,6,28,"облачно, дождь 0,6мм"
11,6,29,"пер.обл., сл.дождь 0,4мм?"
11,6,30,пер.обл.
11,7,1,ясно
11,7,2,"обл., дождь 2,7 мм"
11,7,3,ясно
11,7,4,ясно
11,7,5,пасмурно
11,7,6,ясно
11,7,7,ясно
11,7,8,ясно
11,7,9,ясно
11,7,10,ясно
11,7,11,п/обл
11,7,12,"обл, 54%"
11,7,13,ясно
11,7,14,"ясно, 44%"
11,7,15,обл с пр
11,7,16,"ясно, 61%"
11,7,17,"пасм, 58%"
11,7,18,ясно
11,7,19,"пасм, 24% дождь"
11,7,20,"пасм, 71% дождь"
11,7,21,"п/обл, 21% дождь"
11,7,22,"пасм, 74% дождь"
11,7,23,"пасм, 72% дождь"
11,7,24,"пасм, 47%"
11,7,25,"обл с пр, 77%"
11,7,26,облачно
11,7,27,ясно
11,7,28,"пасм, 76% дождь"
11,7,29,ясно
11,7,30,"пасм, 80% дождь"
11,7,31,"пасм, 71% дождь"
12,4,1,"пасм, 10% дождь"
12,4,2,"обл с пр, ветер"
12,4,3,"обл с пр, ветер"
12,4,4,"пасм, 51% снег, ветер"
12,4,5,"пасм, 9%"
12,4,6,"пасм, 72% дождь, снег"
12,4,7,"пасм, 24%"
12,4,8,"пасм, 13% дождь"
12,4,9,пасм
12,4,10,ясно
12,4,11,"пасм, 65%"
12,4,12,"обл, 10%"
12,4,13,"пасм, 54% неб.ветерок"
12,4,14,"пасм, неб.ветерок"
12,4,15,"пасм, ветер"
12,4,16,"пасм, неб.ветер"
12,4,17,"ясно, неб.ветерок"
12,4,18,"ясно, неб.ветерок"
12,4,19,"пасм, 11% дождь"
12,4,20,"ясно, ветер"
12,4,21,"ясно, неб.ветерок"
12,4,22,ясно
12,4,23,"ясно, ветерок"
12,4,24,"пасм, 68% гроза, ветер"
12,4,25,"пасм, 62% дождь, ветерок"
12,4,26,"обл с пр, ветер"
12,4,27,"пасм, 24% дождь, ветер"
12,4,28,"обл с пр, ветерок"
12,4,29,"обл, неб.ветер"
12,4,30,"ясно, ветерок"
12,5,1,"ясно, ветерок"
12,5,2,"пасм, 47% дождь, ветерок"
12,5,3,"п/обл, ветер"
12,5,4,обл с пр
12,5,5,"ясно, ветерок"
12,5,6,"ясно, неб.ветерок"
12,5,7,"обл с пр, ветерок"
12,5,8,"п/обл, ветерок"
12,5,9,"п/обл, ветерок"
12,5,10,"п/обл, ветер"
12,5,11,"ясно, ветер"
12,5,12,"п/обл, ветерок"
12,5,13,обл с пр
12,5,14,"обл, 23%"
12,5,15,"пасм, 74%"
12,5,16,"пасм, 58% дождь"
12,5,17,"пасм, 19%"
12,5,18,пасмурно
12,5,19,пасмурно
12,5,20,обл с пр
12,5,21,"ясно, ветерок"
12,5,22,обл с пр
12,5,23,обл с пр
12,5,24,облачно
12,5,25,облачно
12,5,26,"п/обл, ветер"
12,5,27,обл с пр
12,5,28,ясно
12,5,29,п/обл
12,5,30,"ясно, ветер"
12,5,31,пер.обл.
12,6,1,пер.обл.
12,6,2,пер.обл.
12,6,3,"малообл., сев.ветер"
12,6,4,пер.обл.
12,6,5,"ясно, сев.ветер"
12,6,6,"ясно, зап.ветер"
12,6,7,
12,6,8,
12,6,9,
12,6,10,"ясно, ветер"
12,6,11,"ясно, ветер"
12,6,12,"пасм, ветер"
12,6,13,облачно
12,6,14,облачно
12,6,15,"пасм, 71% ливень"
12,6,16,"обл с пр, 54%"
12,6,17,"пасм, 77% ливень"
12,6,18,"пасм, 22% дождь"
12,6,19,"пасм, дождь 51%"
12,6,20,облачно
12,6,21,пер.обл.
12,6,22,пер.обл.
12,6,23,"облачно, сев.ветер"
12,6,24,облачно
12,6,25,пер.обл.
12,6,26,малообл.
12,6,27,пер.обл.
12,6,28,"облачно, дождь 0,2мм"
12,6,29,"пер.обл., сл.дождь 0,4мм?"
12,6,30,пер.обл.
12,7,1,пер.облач.
12,7,2,"пер.обл., дождь3,7 мм"
12,7,3,малообл.
12,7,4,пер.обл.
12,7,5,"пасм, дождь, 11%"
12,7,6,ясно
12,7,7,ясно
12,7,8,ясно
12,7,9,ясно
12,7,10,п/обл
12,7,11,п/обл
12,7,12,"обл, 82%"
12,7,13,ясно
12,7,14,ясно
12,7,15,обл с пр
12,7,16,"пасм, 80%"
12,7,17,обл с пр
12,7,18,ясно
12,7,19,"пасм, 35%"
12,7,20,"пасм, 77% дождь"
12,7,21,"ясно, неб.ветерок"
12,7,22,"обл с пр, 81%, дождь"
12,7,23,"пасм, 10% дождь"
12,7,24,"пасм, 60%"
12,7,25,"обл с пр, 71%"
12,7,26,облачно
12,7,27,ясно
12,7,28,"пасм, 79% дождь"
12,7,29,пасм
12,7,30,"пасм, 71% дождь"
12,7,31,"обл с пр, 61%"
13,4,1,"пасм, 10% дождь"
13,4,2,"обл с пр, ветер"
13,4,3,"обл с пр, ветер"
13,4,4,"пасм, 51% снег, ветер"
13,4,5,"пасм, 9%"
13,4,6,"пасм, 72% дождь, снег"
13,4,7,"пасм, 24%"
13,4,8,"пасм, 13% дождь"
13,4,9,пасм
13,4,10,ясно
13,4,11,"пасм, 65%"
13,4,12,"обл, 10%"
13,4,13,"пасм, 54% неб.ветерок"
13,4,14,"пасм, неб.ветерок"
13,4,15,"пасм, ветер"
13,4,16,"пасм, неб.ветер"
13,4,17,"ясно, неб.ветерок"
13,4,18,"ясно, неб.ветерок"
13,4,19,"пасм, 11% дождь"
13,4,20,"ясно, ветер"
13,4,21,"ясно, неб.ветерок"
13,4,22,ясно
13,4,23,"ясно, ветерок"
13,4,24,"пасм, 68% гроза, ветер"
13,4,25,"пасм, 62% дождь, ветерок"
13,4,26,"обл с пр, ветер"
13,4,27,"пасм, 24% дождь, ветер"
13,4,28,"обл с пр, ветерок"
13,4,29,"обл, неб.ветер"
13,4,30,"ясно, ветерок"
13,5,1,"ясно, ветерок"
13,5,2,"пасм, 47% дождь, ветерок"
13,5,3,"п/обл, ветер"
13,5,4,обл с пр
13,5,5,"ясно, ветерок"
13,5,6,"ясно, неб.ветерок"
13,5,7,"обл с пр, ветерок"
13,5,8,"п/обл, ветерок"
13,5,9,"п/обл, ветерок"
13,5,10,"п/обл, ветер"
13,5,11,"ясно, ветер"
13,5,12,"п/обл, ветерок"
13,5,13,обл с пр
13,5,14,"обл, 23%"
13,5,15,"пасм, 74%"
13,5,16,"пасм, 58% дождь"
13,5,17,"пасм, 19%"
13,5,18,пасмурно
13,5,19,пасмурно
13,5,20,обл с пр
13,5,21,"ясно, ветерок"
13,5,22,обл с пр
13,5,23,обл с пр
13,5,24,облачно
13,5,25,облачно
13,5,26,"п/обл, ветер"
13,5,27,обл с пр
13,5,28,ясно
13,5,29,п/обл
13,5,30,"ясно, ветер"
13,5,31,пер.обл.
13,6,1,пер.обл.
13,6,2,пер.обл.
13,6,3,"малообл., сев.ветер"
13,6,4,пер.обл.
13,6,5,"ясно, сев.ветер"
13,6,6,"ясно, зап.ветер"
13,6,10,"ясно, ветер"
13,6,11,"ясно, ветер"
13,6,12,"пасм, ветер"
13,6,13,облачно
13,6,14,облачно
13,6,15,"пасм, 71% ливень"
13,6,16,"обл с пр, 54%"
13,6,17,"пасм, 77% ливень"
13,6,18,"пасм, 22% дождь"
13,6,19,"пасм, дождь 51%"
13,6,20,облачно
13,6,21,пер.обл.
13,6,22,пер.обл.
13,6,23,"облачно, сев.ветер"
13,6,24,облачно
13,6,25,пер.обл.
13,6,26,малообл.
13,6,27,пер.обл.
13,6,28,"облачно, дождь 0,2мм"
13,6,29,"пер.обл., сл.дождь 0,4мм?"
13,6,30,пер.обл.
13,7,1,пер.облач.
13,7,2,"пер.обл., дождь3,7 мм"
13,7,3,малообл.
13,7,4,пер.обл.
13,7,5,"пасм, дождь, 11%"
13,7,6,ясно
13,7,7,ясно
13,7,8,ясно
13,7,9,ясно
13,7,10,п/обл
13,7,11,п/обл
13,7,12,"обл, 82%"
13,7,13,ясно
13,7,14,ясно
13,7,15,обл с пр
13,7,16,"пасм, 80%"
13,7,17,обл с пр
13,7,18,ясно
13,7,19,"пасм, 35%"
13,7,20,"пасм, 77% дождь"
13,7,21,"ясно, неб.ветерок"
13,7,22,"обл с пр, 81%, дождь"
13,7,23,"пасм, 10% дождь"
13,7,24,"пасм, 60%"
13,7,25,"обл с пр, 71%"
13,7,26,облачно
13,7,27,ясно
13,7,28,"пасм, 79% дождь"
13,7,29,пасм
13,7,30,"пасм, 71% дождь"
13,7,31,"обл с пр, 61%"
14,4,1,"пасм, 10% дождь"
14,4,2,"обл с пр, ветер"
14,4,3,"обл с пр, ветер"
14,4,4,"пасм, 51% снег, ветер"
14,4,5,"пасм, 9%"
14,4,6,"пасм, 72% дождь, снег"
14,4,7,"пасм, 24%"
14,4,8,"пасм, 13% дождь"
14,4,9,пасм
14,4,10,ясно
14,4,11,"пасм, 65%"
14,4,12,"обл, 10%"
14,4,13,"пасм, 54% неб.ветерок"
14,4,14,"пасм, неб.ветерок"
14,4,15,"пасм, ветер"
14,4,16,"пасм, неб.ветер"
14,4,17,"ясно, неб.ветерок"
14,4,18,"ясно, неб.ветерок"
14,4,19,"пасм, 11% дождь"
14,4,20,"ясно, ветер"
14,4,21,"ясно, неб.ветерок"
14,4,22,ясно
14,4,23,"ясно, ветерок"
14,4,24,"пасм, 68% гроза, ветер"
14,4,25,"пасм, 62% дождь, ветерок"
14,4,26,"обл с пр, ветер"
14,4,27,"пасм, 24% дождь, ветер"
14,4,28,"обл с пр, ветерок"
14,4,29,"обл, неб.ветер"
14,4,30,"ясно, ветерок"
14,5,1,"ясно, ветерок"
14,5,2,"пасм, 47% дождь, ветерок"
14,5,3,"п/обл, ветер"
14,5,4,обл с пр
14,5,5,"ясно, ветерок"
14,5,6,"ясно, неб.ветерок"
14,5,7,"обл с пр, ветерок"
14,5,8,"п/обл, ветерок"
14,5,9,"п/обл, ветерок"
14,5,10,"п/обл, ветер"
14,5,11,"ясно, ветер"
14,5,12,"п/обл, ветерок"
14,5,13,обл с пр
14,5,14,"обл, 23%"
14,5,15,"пасм, 74%"
14,5,16,"пасм, 58% дождь"
14,5,17,"пасм, 19%"
14,5,18,пасмурно
14,5,19,пасмурно
14,5,20,обл с пр
14,5,21,"ясно, ветерок"
14,5,22,обл с пр
14,5,23,обл с пр
14,5,24,облачно
14,5,25,облачно
14,5,26,"п/обл, ветер"
14,5,27,обл с пр
14,5,28,ясно
14,5,29,п/обл
14,5,30,"ясно, ветер"
14,5,31,пер.обл.
14,6,1,пер.обл.
14,6,2,пер.обл.
14,6,3,"малообл., сев.ветер"
14,6,4,пер.обл.
14,6,5,"ясно, сев.ветер"
14,6,6,"ясно, зап.ветер"
14,6,10,"ясно, ветер"
14,6,11,"ясно, ветер"
14,6,12,"пасм, ветер"
14,6,13,облачно
14,6,14,облачно
14,6,15,"пасм, 71% ливень"
14,6,16,"обл с пр, 54%"
14,6,17,"пасм, 77% ливень"
14,6,18,"пасм, 22% дождь"
14,6,19,"пасм, дождь 51%"
14,6,20,облачно
14,6,21,пер.обл.
14,6,22,пер.обл.
14,6,23,"облачно, сев.ветер"
14,6,24,облачно
14,6,25,пер.обл.
14,6,26,малообл.
14,6,27,пер.обл.
14,6,28,"облачно, дождь 0,2мм"
14,6,29,"пер.обл., сл.дождь 0,4мм?"
14,6,30,пер.обл.
14,7,1,пер.облач.
14,7,2,"пер.обл., дождь3,7 мм"
14,7,3,малообл.
14,7,4,пер.обл.
14,7,5,"пасм, дождь, 11%"
14,7,6,ясно
14,7,7,ясно
14,7,8,ясно
14,7,9,ясно
14,7,10,п/обл
14,7,11,п/обл
14,7,12,"обл, 82%"
14,7,13,ясно
14,7,14,ясно
14,7,15,обл с пр
14,7,16,"пасм, 80%"
14,7,17,обл с пр
14,7,18,ясно
14,7,19,"пасм, 35%"
14,7,20,"пасм, 77% дождь"
14,7,21,"ясно, неб.ветерок"
14,7,22,"обл с пр, 81%, дождь"
14,7,23,"пасм, 10% дождь"
14,7,24,"пасм, 60%"
14,7,25,"обл с пр, 71%"
14,7,26,облачно
14,7,27,ясно
14,7,28,"пасм, 79% дождь"
14,7,29,пасм
14,7,30,"пасм, 71% дождь"
14,7,31,"обл с пр, 61%"
15,4,1,"пасм, 9% дождь"
15,4,2,"обл с пр, ветер"
15,4,3,"обл с пр, ветер"
15,4,4,"пасм, 46% снег, ветер"
15,4,5,"пасм, 23%"
15,4,6,"пасм, 73% дождь, снег"
15,4,7,"пасм, 13%"
15,4,8,"пасм, 76% дождь"
15,4,9,"пасм, 11%"
15,4,10,ясно
15,4,11,"пасм, 67%"
15,4,12,обл с пр
15,4,13,"пасм, 12% неб.ветерок"
15,4,14,"пасм, неб.ветерок"
15,4,15,"пасм, ветер, 19%"
15,4,16,"пасм, неб.ветер"
15,4,17,"ясно, неб.ветерок"
15,4,18,"ясно, неб.ветерок"
15,4,19,"пасм, 24% дождь"
15,4,20,"п/обл, ветер"
15,4,21,"ясно, неб.ветерок"
15,4,22,ясно
15,4,23,"ясно, ветерок"
15,4,24,"пасм, 14% гроза, ветер"
15,4,25,обл с пр
15,4,26,"ясно, ветер"
15,4,27,"обл с пр, ветер"
15,4,28,"обл с пр, ветерок"
15,4,29,"обл, неб.ветер"
15,4,30,"ясно, ветерок"
15,5,1,"ясно, ветерок"
15,5,2,"пасм, 70% дождь, ветерок"
15,5,3,"п/обл, ветер"
15,5,4,обл с пр
15,5,5,"ясно, ветерок"
15,5,6,"ясно, неб.ветерок"
15,5,7,"обл с пр, ветерок"
15,5,8,"п/обл, ветерок"
15,5,9,"п/обл, ветерок"
15,5,10,"ясно, ветер"
15,5,11,"п/обл, ветер, 21%"
15,5,12,"п/обл, ветерок"
15,5,13,обл с пр
15,5,14,"пасм, 46% дождь"
15,5,15,"пасм, 80%"
15,5,16,пасм
15,5,17,"пасм, 11%"
15,5,18,пасмурно
15,5,19,пасмурно
15,5,20,п/обл
15,5,21,"ясно, ветерок"
15,5,22,обл с пр
15,5,23,ясно
15,5,24,облачно
15,5,25,облачно
15,5,26,"п/обл, ветер"
15,5,27,п/обл
15,5,28,ясно
15,5,29,п/обл
15,5,30,"п/обл, ветер"
15,5,31,ясно
15,6,1,пер.обл.
15,6,2,пер.обл.
15,6,3,"малообл., сев.ветер"
15,6,4,пер.обл.
15,6,5,"ясно, сев.ветер"
15,6,6,"ясно, сев.ветер"
15,6,7,
15,6,8,
15,6,9,
15,6,10,"ясно, ветер"
15,6,11,"ясно, ветер"
15,6,12,"пасм, дождик "
15,6,13,обл с пр
15,6,14,"обл, дождик"
15,6,15,"пасм, 73% ливень"
15,6,16,"пасм, 39% ливень"
15,6,17,"пасм, 52%"
15,6,18,"пасм, 24% дождь"
15,6,19,"пасм, дождь, 32%"
15,6,20,обл с пр 
15,6,21,пер.обл.
15,6,22,пер.обл.
15,6,23,"дождь 2,9 мм"
15,6,24,облачно
15,6,25,пер.обл.
15,6,26,малообл.
15,6,27,пер.обл.
15,6,28,облачно
15,6,29,пер.обл.
15,6,30,пер.обл.
15,7,1,ясно
15,7,2,ясно
15,7,3,пер.обл.
15,7,4,пер.обл.
15,7,5,"пасм, дождь, 51%"
15,7,6,ясно
15,7,7,ясно
15,7,8,ясно
15,7,9,ясно
15,7,10,пасмурно
15,7,11,п/обл
15,7,12,"обл, 78% дождь"
15,7,13,ясно
15,7,14,ясно
15,7,15,ясно
15,7,16,"обл с пр, 54%"
15,7,17,"обл, 9% дождь"
15,7,18,ясно
15,7,19,"пасм, 65% дождь"
15,7,20,ясно
15,7,21,"ясно, неб.ветерок"
15,7,22,"обл с пр, 71%, дождь"
15,7,23,"пасм, 47% дождь"
15,7,24,"пасм, 56%"
15,7,25,"пасм, 44%"
15,7,26,облачно
15,7,27,ясно
15,7,28,"пасм, 56% "
15,7,29,пасм
15,7,30,"пасм, 49% дождь"
15,7,31,"пасм, 40% дождь"
16,4,1,"пасм, 9% дождь"
16,4,2,"обл с пр, ветер"
16,4,3,"обл с пр, ветер"
16,4,4,"пасм, 46% снег, ветер"
16,4,5,"пасм, 23%"
16,4,6,"пасм, 73% дождь, снег"
16,4,7,"пасм, 13%"
16,4,8,"пасм, 76% дождь"
16,4,9,"пасм, 11%"
16,4,10,ясно
16,4,11,"пасм, 67%"
16,4,12,обл с пр
16,4,13,"пасм, 12% неб.ветерок"
16,4,14,"пасм, неб.ветерок"
16,4,15,"пасм, ветер, 19%"
16,4,16,"пасм, неб.ветер"
16,4,17,"ясно, неб.ветерок"
16,4,18,"ясно, неб.ветерок"
16,4,19,"пасм, 24% дождь"
16,4,20,"п/обл, ветер"
16,4,21,"ясно, неб.ветерок"
16,4,22,ясно
16,4,23,"ясно, ветерок"
16,4,24,"пасм, 14% гроза, ветер"
16,4,25,обл с пр
16,4,26,"ясно, ветер"
16,4,27,"обл с пр, ветер"
16,4,28,"обл с пр, ветерок"
16,4,29,"обл, неб.ветер"
16,4,30,"ясно, ветерок"
16,5,1,"ясно, ветерок"
16,5,2,"пасм, 70% дождь, ветерок"
16,5,3,"п/обл, ветер"
16,5,4,обл с пр
16,5,5,"ясно, ветерок"
16,5,6,"ясно, неб.ветерок"
16,5,7,"обл с пр, ветерок"
16,5,8,"п/обл, ветерок"
16,5,9,"п/обл, ветерок"
16,5,10,"ясно, ветер"
16,5,11,"п/обл, ветер, 21%"
16,5,12,"п/обл, ветерок"
16,5,13,обл с пр
16,5,14,"пасм, 46% дождь"
16,5,15,"пасм, 80%"
16,5,16,пасм
16,5,17,"пасм, 11%"
16,5,18,пасмурно
16,5,19,пасмурно
16,5,20,п/обл
16,5,21,"ясно, ветерок"
16,5,22,обл с пр
16,5,23,ясно
16,5,24,облачно
16,5,25,облачно
16,5,26,"п/обл, ветер"
16,5,27,п/обл
16,5,28,ясно
16,5,29,п/обл
16,5,30,"п/обл, ветер"
16,5,31,ясно
16,6,1,пер.обл.
16,6,2,пер.обл.
16,6,3,"малообл., сев.ветер"
16,6,4,пер.обл.
16,6,5,"ясно, сев.ветер"
16,6,6,"ясно, сев.ветер"
16,6,10,"ясно, ветер"
16,6,11,"ясно, ветер"
16,6,12,"пасм, дождик "
16,6,13,обл с пр
16,6,14,"обл, дождик"
16,6,15,"пасм, 73% ливень"
16,6,16,"пасм, 39% ливень"
16,6,17,"пасм, 52%"
16,6,18,"пасм, 24% дождь"
16,6,19,"пасм, дождь, 32%"
16,6,20,обл с пр 
16,6,21,пер.обл.
16,6,22,пер.обл.
16,6,23,"дождь 2,9 мм"
16,6,24,облачно
16,6,25,пер.обл.
16,6,26,малообл.
16,6,27,пер.обл.
16,6,28,облачно
16,6,29,пер.обл.
16,6,30,пер.обл.
16,7,1,ясно
16,7,2,ясно
16,7,3,пер.обл.
16,7,4,пер.обл.
16,7,5,"пасм, дождь, 51%"
16,7,6,ясно
16,7,7,ясно
16,7,8,ясно
16,7,9,ясно
16,7,10,пасмурно
16,7,11,п/обл
16,7,12,"обл, 78% дождь"
16,7,13,ясно
16,7,14,ясно
16,7,15,ясно
16,7,16,"обл с пр, 54%"
16,7,17,"обл, 9% дождь"
16,7,18,ясно
16,7,19,"пасм, 65% дождь"
16,7,20,ясно
16,7,21,"ясно, неб.ветерок"
16,7,22,"обл с пр, 71%, дождь"
16,7,23,"пасм, 47% дождь"
16,7,24,"пасм, 56%"
16,7,25,"пасм, 44%"
16,7,26,облачно
16,7,27,ясно
16,7,28,"пасм, 56% "
16,7,29,пасм
16,7,30,"пасм, 49% дождь"
16,7,31,"пасм, 40% дождь"
17,4,1,"пасм, 9% дождь"
17,4,2,"обл с пр, ветер"
17,4,3,"обл с пр, ветер"
17,4,4,"пасм, 46% снег, ветер"
17,4,5,"пасм, 23%"
17,4,6,"пасм, 73% дождь, снег"
17,4,7,"пасм, 13%"
17,4,8,"пасм, 76% дождь"
17,4,9,"пасм, 11%"
17,4,10,ясно
17,4,11,"пасм, 67%"
17,4,12,обл с пр
17,4,13,"пасм, 12% неб.ветерок"
17,4,14,"пасм, неб.ветерок"
17,4,15,"пасм, ветер, 19%"
17,4,16,"пасм, неб.ветер"
17,4,17,"ясно, неб.ветерок"
17,4,18,"ясно, неб.ветерок"
17,4,19,"пасм, 24% дождь"
17,4,20,"п/обл, ветер"
17,4,21,"ясно, неб.ветерок"
17,4,22,ясно
17,4,23,"ясно, ветерок"
17,4,24,"пасм, 14% гроза, ветер"
17,4,25,обл с пр
17,4,26,"ясно, ветер"
17,4,27,"обл с пр, ветер"
17,4,28,"обл с пр, ветерок"
17,4,29,"обл, неб.ветер"
17,4,30,"ясно, ветерок"
17,5,1,"ясно, ветерок"
17,5,2,"пасм, 70% дождь, ветерок"
17,5,3,"п/обл, ветер"
17,5,4,обл с пр
17,5,5,"ясно, ветерок"
17,5,6,"ясно, неб.ветерок"
17,5,7,"обл с пр, ветерок"
17,5,8,"п/обл, ветерок"
17,5,9,"п/обл, ветерок"
17,5,10,"ясно, ветер"
17,5,11,"п/обл, ветер, 21%"
17,5,12,"п/обл, ветерок"
17,5,13,обл с пр
17,5,14,"пасм, 46% дождь"
17,5,15,"пасм, 80%"
17,5,16,пасм
17,5,17,"пасм, 11%"
17,5,18,пасмурно
17,5,19,пасмурно
17,5,20,п/обл
17,5,21,"ясно, ветерок"
17,5,22,обл с пр
17,5,23,ясно
17,5,24,облачно
17,5,25,облачно
17,5,26,"п/обл, ветер"
17,5,27,п/обл
17,5,28,ясно
17,5,29,п/обл
17,5,30,"п/обл, ветер"
17,5,31,ясно
17,6,1,пер.обл.
17,6,2,пер.обл.
17,6,3,"малообл., сев.ветер"
17,6,4,пер.обл.
17,6,5,"ясно, сев.ветер"
17,6,6,"ясно, сев.ветер"
17,6,10,"ясно, ветер"
17,6,11,"ясно, ветер"
17,6,12,"пасм, дождик "
17,6,13,обл с пр
17,6,14,"обл, дождик"
17,6,15,"пасм, 73% ливень"
17,6,16,"пасм, 39% ливень"
17,6,17,"пасм, 52%"
17,6,18,"пасм, 24% дождь"
17,6,19,"пасм, дождь, 32%"
17,6,20,обл с пр 
17,6,21,пер.обл.
17,6,22,пер.обл.
17,6,23,"дождь 2,9 мм"
17,6,24,облачно
17,6,25,пер.обл.
17,6,26,малообл.
17,6,27,пер.обл.
17,6,28,облачно
17,6,29,пер.обл.
17,6,30,пер.обл.
17,7,1,ясно
17,7,2,ясно
17,7,3,пер.обл.
17,7,4,пер.обл.
17,7,5,"пасм, дождь, 51%"
17,7,6,ясно
17,7,7,ясно
17,7,8,ясно
17,7,9,ясно
17,7,10,пасмурно
17,7,11,п/обл
17,7,12,"обл, 78% дождь"
17,7,13,ясно
17,7,14,ясно
17,7,15,ясно
17,7,16,"обл с пр, 54%"
17,7,17,"обл, 9% дождь"
17,7,18,ясно
17,7,19,"пасм, 65% дождь"
17,7,20,ясно
17,7,21,"ясно, неб.ветерок"
17,7,22,"обл с пр, 71%, дождь"
17,7,23,"пасм, 47% дождь"
17,7,24,"пасм, 56%"
17,7,25,"пасм, 44%"
17,7,26,облачно
17,7,27,ясно
17,7,28,"пасм, 56% "
17,7,29,пасм
17,7,30,"пасм, 49% дождь"
17,7,31,"пасм, 40% дождь"
18,4,1,"пасм, 9% дождь"
18,4,2,"обл с пр, ветер"
18,4,3,ясно
18,4,4,"пасм, 46% снег, ветер"
18,4,5,"пасм, 10%"
18,4,6,"пасм, 78% дождь, снег"
18,4,7,"пасм, 16% дождь"
18,4,8,"пасм, 63% дождь"
18,4,9,"пасм, 12%"
18,4,10,ясно
18,4,11,"пасм, 70% дождь"
18,4,12,ясно
18,4,13,пасмурно
18,4,14,"пасм, неб.ветерок"
18,4,15,"пасм, ветер, 24% дождь"
18,4,16,ясно
18,4,17,"ясно, неб.ветерок"
18,4,18,"ясно, неб.ветерок"
18,4,19,"обл с пр, 16%"
18,4,20,"ясно, ветер"
18,4,21,"ясно, неб.ветерок"
18,4,22,ясно
18,4,23,"ясно, ветерок"
18,4,24,"обл с пр, 68%"
18,4,25,обл с пр
18,4,26,"ясно, ветер"
18,4,27,"обл с пр, ветер"
18,4,28,обл с пр
18,4,29,"обл, неб.ветер"
18,4,30,"ясно, ветерок"
18,5,1,ясно
18,5,2,"пасм, 16% дождь, ветерок"
18,5,3,"п/обл, ветер"
18,5,4,п/обл
18,5,5,"ясно, ветерок"
18,5,6,"ясно, неб.ветерок"
18,5,7,"ясно, ветерок"
18,5,8,"ясно, ветерок"
18,5,9,"ясно, ветерок"
18,5,10,"ясно, ветер, 21%"
18,5,11,"ясно, 18%"
18,5,12,"п/обл, ветерок"
18,5,13,обл с пр
18,5,14,"п/обл, 18%"
18,5,15,"пасм, 77% дождь"
18,5,16,обл с пр
18,5,17,пасмурно
18,5,18,пасмурно
18,5,19,пасмурно
18,5,20,п/обл
18,5,21,"ясно, ветерок"
18,5,22,п/обл
18,5,23,ясно
18,5,24,обл с пр
18,5,25,пер.обл.
18,5,26,"п/обл, ветер"
18,5,27,ясно
18,5,28,ясно
18,5,29,ясно
18,5,30,"п/обл, ветер"
18,5,31,ясно
18,6,1,ясно
18,6,2,пер.обл.
18,6,3,"малообл., сев.ветер"
18,6,4,пер.обл.
18,6,5,"ясно, сев.ветер"
18,6,6,"ясно, сев-вост.ветер"
18,6,7,
18,6,8,
18,6,9,
18,6,10,"ясно, ветер"
18,6,11,"ясно, ветер"
18,6,12,пасмурно
18,6,13,облачно
18,6,14,облачно
18,6,15,"пасм, 59% ливень"
18,6,16,"п/обл, 23%"
18,6,17,"пасм, 30%"
18,6,18,"обл с пр, дождь"
18,6,19,п/обл
18,6,20,ясно
18,6,21,пер.обл.
18,6,22,ясно
18,6,23,"дождь 10,7 мм"
18,6,24,облачно
18,6,25,пер.обл.
18,6,26,малообл.
18,6,27,пер.обл.
18,6,28,пер.обл.
18,6,29,малообл.
18,6,30,"облачно, дождь0,5 мм?"
18,7,1,пер.облач.
18,7,2,ясно
18,7,3,ясно
18,7,4,ясно
18,7,5,"пасм, дождь, 75%"
18,7,6,ясно
18,7,7,ясно
18,7,8,ясно
18,7,9,ясно
18,7,10,пасмурно
18,7,11,ясно
18,7,12,"ясно, 62%"
18,7,13,ясно
18,7,14,ясно
18,7,15,ясно
18,7,16,"ясно, 51%"
18,7,17,ясно 24%
18,7,18,ясно
18,7,19,"обл с пр, 39%"
18,7,20,ясно
18,7,21,"п/обл, 46%"
18,7,22,"обл с пр, 11%, дождь"
18,7,23,"пасм, 77% дождь"
18,7,24,"пасм, 40%"
18,7,25,"пасм, 46%"
18,7,26,облачно
18,7,27,ясно
18,7,28,ясно 24%
18,7,29,"пасм, 51% дождь"
18,7,30,ясно
18,7,31,"пасм, 24% дождь"
19,4,1,"пасм, 9% дождь"
19,4,2,"обл с пр, ветер"
19,4,3,ясно
19,4,4,"пасм, 46% снег, ветер"
19,4,5,"пасм, 10%"
19,4,6,"пасм, 78% дождь, снег"
19,4,7,"пасм, 16% дождь"
19,4,8,"пасм, 63% дождь"
19,4,9,"пасм, 12%"
19,4,10,ясно
19,4,11,"пасм, 70% дождь"
19,4,12,ясно
19,4,13,пасмурно
19,4,14,"пасм, неб.ветерок"
19,4,15,"пасм, ветер, 24% дождь"
19,4,16,ясно
19,4,17,"ясно, неб.ветерок"
19,4,18,"ясно, неб.ветерок"
19,4,19,"обл с пр, 16%"
19,4,20,"ясно, ветер"
19,4,21,"ясно, неб.ветерок"
19,4,22,ясно
19,4,23,"ясно, ветерок"
19,4,24,"обл с пр, 68%"
19,4,25,обл с пр
19,4,26,"ясно, ветер"
19,4,27,"обл с пр, ветер"
19,4,28,обл с пр
19,4,29,"обл, неб.ветер"
19,4,30,"ясно, ветерок"
19,5,1,ясно
19,5,2,"пасм, 16% дождь, ветерок"
19,5,3,"п/обл, ветер"
19,5,4,п/обл
19,5,5,"ясно, ветерок"
19,5,6,"ясно, неб.ветерок"
19,5,7,"ясно, ветерок"
19,5,8,"ясно, ветерок"
19,5,9,"ясно, ветерок"
19,5,10,"ясно, ветер, 21%"
19,5,11,"ясно, 18%"
19,5,12,"п/обл, ветерок"
19,5,13,обл с пр
19,5,14,"п/обл, 18%"
19,5,15,"пасм, 77% дождь"
19,5,16,обл с пр
19,5,17,пасмурно
19,5,18,пасмурно
19,5,19,пасмурно
19,5,20,п/обл
19,5,21,"ясно, ветерок"
19,5,22,п/обл
19,5,23,ясно
19,5,24,обл с пр
19,5,25,пер.обл.
19,5,26,"п/обл, ветер"
19,5,27,ясно
19,5,28,ясно
19,5,29,ясно
19,5,30,"п/обл, ветер"
19,5,31,ясно
19,6,1,ясно
19,6,2,пер.обл.
19,6,3,"малообл., сев.ветер"
19,6,4,пер.обл.
19,6,5,"ясно, сев.ветер"
19,6,6,"ясно, сев-вост.ветер"
19,6,10,"ясно, ветер"
19,6,11,"ясно, ветер"
19,6,12,пасмурно
19,6,13,облачно
19,6,14,облачно
19,6,15,"пасм, 59% ливень"
19,6,16,"п/обл, 23%"
19,6,17,"пасм, 30%"
19,6,18,"обл с пр, дождь"
19,6,19,п/обл
19,6,20,ясно
19,6,21,пер.обл.
19,6,22,ясно
19,6,23,"дождь 10,7 мм"
19,6,24,облачно
19,6,25,пер.обл.
19,6,26,малообл.
19,6,27,пер.обл.
19,6,28,пер.обл.
19,6,29,малообл.
19,6,30,"облачно, дождь0,5 мм?"
19,7,1,пер.облач.
19,7,2,ясно
19,7,3,ясно
19,7,4,ясно
19,7,5,"пасм, дождь, 75%"
19,7,6,ясно
19,7,7,ясно
19,7,8,ясно
19,7,9,ясно
19,7,10,пасмурно
19,7,11,ясно
19,7,12,"ясно, 62%"
19,7,13,ясно
19,7,14,ясно
19,7,15,ясно
19,7,16,"ясно, 51%"
19,7,17,ясно 24%
19,7,18,ясно
19,7,19,"обл с пр, 39%"
19,7,20,ясно
19,7,21,"п/обл, 46%"
19,7,22,"обл с пр, 11%, дождь"
19,7,23,"пасм, 77% дождь"
19,7,24,"пасм, 40%"
19,7,25,"пасм, 46%"
19,7,26,облачно
19,7,27,ясно
19,7,28,ясно 24%
19,7,29,"пасм, 51% дождь"
19,7,30,ясно
19,7,31,"пасм, 24% дождь"
20,4,1,"пасм, 9% дождь"
20,4,2,"обл с пр, ветер"
20,4,3,ясно
20,4,4,"пасм, 46% снег, ветер"
20,4,5,"пасм, 10%"
20,4,6,"пасм, 78% дождь, снег"
20,4,7,"пасм, 16% дождь"
20,4,8,"пасм, 63% дождь"
20,4,9,"пасм, 12%"
20,4,10,ясно
20,4,11,"пасм, 70% дождь"
20,4,12,ясно
20,4,13,пасмурно
20,4,14,"пасм, неб.ветерок"
20,4,15,"пасм, ветер, 24% дождь"
20,4,16,ясно
20,4,17,"ясно, неб.ветерок"
20,4,18,"ясно, неб.ветерок"
20,4,19,"обл с пр, 16%"
20,4,20,"ясно, ветер"
20,4,21,"ясно, неб.ветерок"
20,4,22,ясно
20,4,23,"ясно, ветерок"
20,4,24,"обл с пр, 68%"
20,4,25,обл с пр
20,4,26,"ясно, ветер"
20,4,27,"обл с пр, ветер"
20,4,28,обл с пр
20,4,29,"обл, неб.ветер"
20,4,30,"ясно, ветерок"
20,5,1,ясно
20,5,2,"пасм, 16% дождь, ветерок"
20,5,3,"п/обл, ветер"
20,5,4,п/обл
20,5,5,"ясно, ветерок"
20,5,6,"ясно, неб.ветерок"
20,5,7,"ясно, ветерок"
20,5,8,"ясно, ветерок"
20,5,9,"ясно, ветерок"
20,5,10,"ясно, ветер, 21%"
20,5,11,"ясно, 18%"
20,5,12,"п/обл, ветерок"
20,5,13,обл с пр
20,5,14,"п/обл, 18%"
20,5,15,"пасм, 77% дождь"
20,5,16,обл с пр
20,5,17,пасмурно
20,5,18,пасмурно
20,5,19,пасмурно
20,5,20,п/обл
20,5,21,"ясно, ветерок"
20,5,22,п/обл
20,5,23,ясно
20,5,24,обл с пр
20,5,25,пер.обл.
20,5,26,"п/обл, ветер"
20,5,27,ясно
20,5,28,ясно
20,5,29,ясно
20,5,30,"п/обл, ветер"
20,5,31,ясно
20,6,1,ясно
20,6,2,пер.обл.
20,6,3,"малообл., сев.ветер"
20,6,4,пер.обл.
20,6,5,"ясно, сев.ветер"
20,6,6,"ясно, сев-вост.ветер"
20,6,10,"ясно, ветер"
20,6,11,"ясно, ветер"
20,6,12,пасмурно
20,6,13,облачно
20,6,14,облачно
20,6,15,"пасм, 59% ливень"
20,6,16,"п/обл, 23%"
20,6,17,"пасм, 30%"
20,6,18,"обл с пр, дождь"
20,6,19,п/обл
20,6,20,ясно
20,6,21,пер.обл.
20,6,22,ясно
20,6,23,"дождь 10,7 мм"
20,6,24,облачно
20,6,25,пер.обл.
20,6,26,малообл.
20,6,27,пер.обл.
20,6,28,пер.обл.
20,6,29,малообл.
20,6,30,"облачно, дождь0,5 мм?"
20,7,1,пер.облач.
20,7,2,ясно
20,7,3,ясно
20,7,4,ясно
20,7,5,"пасм, дождь, 75%"
20,7,6,ясно
20,7,7,ясно
20,7,8,ясно
20,7,9,ясно
20,7,10,пасмурно
20,7,11,ясно
20,7,12,"ясно, 62%"
20,7,13,ясно
20,7,14,ясно
20,7,15,ясно
20,7,16,"ясно, 51%"
20,7,17,ясно 24%
20,7,18,ясно
20,7,19,"обл с пр, 39%"
20,7,20,ясно
20,7,21,"п/обл, 46%"
20,7,22,"обл с пр, 11%, дождь"
20,7,23,"пасм, 77% дождь"
20,7,24,"пасм, 40%"
20,7,25,"пасм, 46%"
20,7,26,облачно
20,7,27,ясно
20,7,28,ясно 24%
20,7,29,"пасм, 51% дождь"
20,7,30,ясно
20,7,31,"пасм, 24% дождь"
21,4,1,"пасм, 23%"
21,4,2,"обл с пр, ветер"
21,4,3,ясно
21,4,4,пасм
21,4,5,"пасм, 49%"
21,4,6,"пасм, 75% дождь, снег"
21,4,7,"пасм, 14% дождь"
21,4,8,"пасм, 61% дождь"
21,4,9,"пасм, 14%"
21,4,10,ясно
21,4,11,"пасм, 63% дождь"
21,4,12,ясно
21,4,13,"пасм, 9% дождь"
21,4,14,пасмурно
21,4,15,"пасм, ветер, 23% дождь"
21,4,16,ясно
21,4,17,ясно
21,4,18,ясно
21,4,19,обл с пр
21,4,20,ясно
21,4,21,"ясно, неб.ветерок"
21,4,22,ясно
21,4,23,ясно
21,4,24,"обл с пр, 68%"
21,4,25,обл с пр
21,4,26,ясно
21,4,27,"ясно, штиль"
21,4,28,облачно
21,4,29,облачно
21,4,30,"ясно, ветерок"
21,5,1,пасмурно
21,5,2,"пасм, 44% дождь, ветерок"
21,5,3,"п/обл, ветер"
21,5,4,п/обл
21,5,5,ясно
21,5,6,ясно
21,5,7,ясно
21,5,8,"ясно, ветерок"
21,5,9,"ясно, ветерок"
21,5,10,"ясно, ветер, 23%"
21,5,11,"п/обл, 18%"
21,5,12,"ясно, ветерок"
21,5,13,обл с пр
21,5,14,ясно
21,5,15,"пасм, 71% дождь"
21,5,16,"пасм, 56%"
21,5,17,пасмурно
21,5,18,пасмурно
21,5,19,пасмурно
21,5,20,пасмурно
21,5,21,ясно
21,5,22,пасмурно
21,5,23,ясно
21,5,24,обл с пр
21,5,25,ясно
21,5,26,ясно
21,5,27,ясно
21,5,28,ясно
21,5,29,ясно
21,5,30,"ясно, ветер"
21,5,31,ясно
21,6,1,пер.обл.
21,6,2,малообл.
21,6,3,"пер.обл., южный ветер"
21,6,4,пер.обл.
21,6,5,"ясно, сев.ветер"
21,6,6,"ясно, сев-вост.ветер"
21,6,7,
21,6,8,
21,6,9,
21,6,10,ясно
21,6,11,ясно
21,6,12,пасмурно
21,6,13,облачно
21,6,14,облачно
21,6,15,облачно
21,6,16,"ясно, 21%"
21,6,17,"пасм, 31%"
21,6,18,обл с пр
21,6,19,п/обл
21,6,20,ясно
21,6,21,"пер.обл., ощ.+25"
21,6,22,ясно
21,6,23,"облачно, сл.дождь"
21,6,24,облачно
21,6,25,пер.обл.
21,6,26,малообл.
21,6,27,пер.обл.
21,6,28,облачно
21,6,29,ясно
21,6,30,"облачно, дождь2,6 мм?"
21,7,1,пер.облач.
21,7,2,ясно
21,7,3,ясно
21,7,4,ясно
21,7,5,"пасм, дождь, 81%"
21,7,6,ясно
21,7,7,ясно
21,7,8,ясно
21,7,9,ясно
21,7,10,пасмурно
21,7,11,ясно
21,7,12,ясно
21,7,13,п/обл
21,7,14,ясно
21,7,15,ясно
21,7,16,"п/обл, 24%"
21,7,17,"ясно, 18%"
21,7,18,ясно
21,7,19,"ясно, 37%"
21,7,20,ясно
21,7,21,"ясно, 78%"
21,7,22,"ясно, 24%"
21,7,23,"пасм, 75% дождь"
21,7,24,"пасм, 44% дождь"
21,7,25,ясно 40%
21,7,26,облачно
21,7,27,ясно
21,7,28,"ясно, 24%"
21,7,29,"пасм, 88% дождь"
21,7,30,п/обл
21,7,31,"пасм, 24% дождь"
22,4,1,"пасм, 23%"
22,4,2,"обл с пр, ветер"
22,4,3,ясно
22,4,4,пасм
22,4,5,"пасм, 49%"
22,4,6,"пасм, 75% дождь, снег"
22,4,7,"пасм, 14% дождь"
22,4,8,"пасм, 61% дождь"
22,4,9,"пасм, 14%"
22,4,10,ясно
22,4,11,"пасм, 63% дождь"
22,4,12,ясно
22,4,13,"пасм, 9% дождь"
22,4,14,пасмурно
22,4,15,"пасм, ветер, 23% дождь"
22,4,16,ясно
22,4,17,ясно
22,4,18,ясно
22,4,19,обл с пр
22,4,20,ясно
22,4,21,"ясно, неб.ветерок"
22,4,22,ясно
22,4,23,ясно
22,4,24,"обл с пр, 68%"
22,4,25,обл с пр
22,4,26,ясно
22,4,27,"ясно, штиль"
22,4,28,облачно
22,4,29,облачно
22,4,30,"ясно, ветерок"
22,5,1,пасмурно
22,5,2,"пасм, 44% дождь, ветерок"
22,5,3,"п/обл, ветер"
22,5,4,п/обл
22,5,5,ясно
22,5,6,ясно
22,5,7,ясно
22,5,8,"ясно, ветерок"
22,5,9,"ясно, ветерок"
22,5,10,"ясно, ветер, 23%"
22,5,11,"п/обл, 18%"
22,5,12,"ясно, ветерок"
22,5,13,обл с пр
22,5,14,ясно
22,5,15,"пасм, 71% дождь"
22,5,16,"пасм, 56%"
22,5,17,пасмурно
22,5,18,пасмурно
22,5,19,пасмурно
22,5,20,пасмурно
22,5,21,ясно
22,5,22,пасмурно
22,5,23,ясно
22,5,24,обл с пр
22,5,25,ясно
22,5,26,ясно
22,5,27,ясно
22,5,28,ясно
22,5,29,ясно
22,5,30,"ясно, ветер"
22,5,31,ясно
22,6,1,пер.обл.
22,6,2,малообл.
22,6,3,"пер.обл., южный ветер"
22,6,4,пер.обл.
22,6,5,"ясно, сев.ветер"
22,6,6,"ясно, сев-вост.ветер"
22,6,10,ясно
22,6,11,ясно
22,6,12,пасмурно
22,6,13,облачно
22,6,14,облачно
22,6,15,облачно
22,6,16,"ясно, 21%"
22,6,17,"пасм, 31%"
22,6,18,обл с пр
22,6,19,п/обл
22,6,20,ясно
22,6,21,"пер.обл., ощ.+25"
22,6,22,ясно
22,6,23,"облачно, сл.дождь"
22,6,24,облачно
22,6,25,пер.обл.
22,6,26,малообл.
22,6,27,пер.обл.
22,6,28,облачно
22,6,29,ясно
22,6,30,"облачно, дождь2,6 мм?"
22,7,1,пер.облач.
22,7,2,ясно
22,7,3,ясно
22,7,4,ясно
22,7,5,"пасм, дождь, 81%"
22,7,6,ясно
22,7,7,ясно
22,7,8,ясно
22,7,9,ясно
22,7,10,пасмурно
22,7,11,ясно
22,7,12,ясно
22,7,13,п/обл
22,7,14,ясно
22,7,15,ясно
22,7,16,"п/обл, 24%"
22,7,17,"ясно, 18%"
22,7,18,ясно
22,7,19,"ясно, 37%"
22,7,20,ясно
22,7,21,"ясно, 78%"
22,7,22,"ясно, 24%"
22,7,23,"пасм, 75% дождь"
22,7,24,"пасм, 44% дождь"
22,7,25,ясно 40%
22,7,26,облачно
22,7,27,ясно
22,7,28,"ясно, 24%"
22,7,29,"пасм, 88% дождь"
22,7,30,п/обл
22,7,31,"пасм, 24% дождь"
23,4,1,"пасм, 23%"
23,4,2,"обл с пр, ветер"
23,4,3,ясно
23,4,4,пасм
23,4,5,"пасм, 49%"
23,4,6,"пасм, 75% дождь, снег"
23,4,7,"пасм, 14% дождь"
23,4,8,"пасм, 61% дождь"
23,4,9,"пасм, 14%"
23,4,10,ясно
23,4,11,"пасм, 63% дождь"
23,4,12,ясно
23,4,13,"пасм, 9% дождь"
23,4,14,пасмурно
23,4,15,"пасм, ветер, 23% дождь"
23,4,16,ясно
23,4,17,ясно
23,4,18,ясно
23,4,19,обл с пр
23,4,20,ясно
23,4,21,"ясно, неб.ветерок"
23,4,22,ясно
23,4,23,ясно
23,4,24,"обл с пр, 68%"
23,4,25,обл с пр
23,4,26,ясно
23,4,27,"ясно, штиль"
23,4,28,облачно
23,4,29,облачно
23,4,30,"ясно, ветерок"
23,5,1,пасмурно
23,5,2,"пасм, 44% дождь, ветерок"
23,5,3,"п/обл, ветер"
23,5,4,п/обл
23,5,5,ясно
23,5,6,ясно
23,5,7,ясно
23,5,8,"ясно, ветерок"
23,5,9,"ясно, ветерок"
23,5,10,"ясно, ветер, 23%"
23,5,11,"п/обл, 18%"
23,5,12,"ясно, ветерок"
23,5,13,обл с пр
23,5,14,ясно
23,5,15,"пасм, 71% дождь"
23,5,16,"пасм, 56%"
23,5,17,пасмурно
23,5,18,пасмурно
23,5,19,пасмурно
23,5,20,пасмурно
23,5,21,ясно
23,5,22,пасмурно
23,5,23,ясно
23,5,24,обл с пр
23,5,25,ясно
23,5,26,ясно
23,5,27,ясно
23,5,28,ясно
23,5,29,ясно
23,5,30,"ясно, ветер"
23,5,31,ясно
23,6,1,пер.обл.
23,6,2,малообл.
23,6,3,"пер.обл., южный ветер"
23,6,4,пер.обл.
23,6,5,"ясно, сев.ветер"
23,6,6,"ясно, сев-вост.ветер"
23,6,10,ясно
23,6,11,ясно
23,6,12,пасмурно
23,6,13,облачно
23,6,14,облачно
23,6,15,облачно
23,6,16,"ясно, 21%"
23,6,17,"пасм, 31%"
23,6,18,обл с пр
23,6,19,п/обл
23,6,20,ясно
23,6,21,"пер.обл., ощ.+25"
23,6,22,ясно
23,6,23,"облачно, сл.дождь"
23,6,24,облачно
23,6,25,пер.обл.
23,6,26,малообл.
23,6,27,пер.обл.
23,6,28,облачно
23,6,29,ясно
23,6,30,"облачно, дождь2,6 мм?"
23,7,1,пер.облач.
23,7,2,ясно
23,7,3,ясно
23,7,4,ясно
23,7,5,"пасм, дождь, 81%"
23,7,6,ясно
23,7,7,ясно
23,7,8,ясно
23,7,9,ясно
23,7,10,пасмурно
23,7,11,ясно
23,7,12,ясно
23,7,13,п/обл
23,7,14,ясно
23,7,15,ясно
23,7,16,"п/обл, 24%"
23,7,17,"ясно, 18%"
23,7,18,ясно
23,7,19,"ясно, 37%"
23,7,20,ясно
23,7,21,"ясно, 78%"
23,7,22,"ясно, 24%"
23,7,23,"пасм, 75% дождь"
23,7,24,"пасм, 44% дождь"
23,7,25,ясно 40%
23,7,26,облачно
23,7,27,ясно
23,7,28,"ясно, 24%"
23,7,29,"пасм, 88% дождь"
23,7,30,п/обл
23,7,31,"пасм, 24% дождь"
